10000001,android
10000002,android
10000003,android
10000004,android
10000005,android
10000006,android
10000007,android
10000008,android
10000009,android
10000010,android
10000011,android
10000012,android
10000013,android
10000014,android
10000015,android
10000016,android
10000017,android
10000018,android
10000019,android
10000020,android
10000001,ios
10000002,ios
10000003,ios
10000004,ios
10000005,ios
10000006,ios
10000007,ios
10000008,ios
10000009,ios
10000010,ios
10000011,ios
10000012,ios
10000013,ios
10000014,ios
10000015,ios
10000016,ios
10000017,ios
10000018,ios
10000019,ios
10000020,ios