0d10a8d42ea1403e8050b98844eadaa2,ios
d44144c035124fa389ffe1e73dcbb569,ios
7ba0aca3d2074d2cb7e13052636b8609,ios
8a062417b7d142a4a14aa6aaf9964acb,ios
8ff08e38a0414b3ea6518f485ab170ea,ios
74ba1c6edb1b4fd1991f048d6a341b75,ios
247c0dc9e7694669a5f0a93ed5738c64,android
bc3ef020961d4633b52c29e9658fa4e3,android
8f53abdd5d2e4d7b958856ba17d12fd8,ios
d98a8576b0804f8faa5ad13b03641e57,android
ef15fb335dd44d25b7c3097dee3565f5,ios
a095bb0b29594b2ca71f714f82294ba9,ios
8631da4cd2024a5ba3eb60f2b655ffe4,ios
8f525073765d415aa767488a38fb2fc8,ios
387caabde68743f99c2a99faeca3aa4c,ios
49dfd9ed3f354661afe3a009ff32cfd9,android
76c38ca2e6d1415db9356d3a01ccd708,android
d9e29f637a2841929f6c58edb79ad16f,ios
093f01f5ad574ef0897058e5f9072d25,ios
ff1705781cf34482a021a1226bbeed63,ios
62ef668e5e2c4eef98d2cd2fe64ddaaf,android
5ab119955a924875999e10905f90f8a6,ios
c232e36a6a3544c4aee3f0daad652aa9,android
f19c4eef64dd40e2bdc8b2cd26b3aa98,android
82383a512c9e405f8ce3ab5a90e307b4,ios
9f67b982647f45e0b22bc215d698659a,ios
9cbfb853219243eca518a78aed8390ae,ios
840ce7523a6847f1961c10afb5588f84,android
c18a81e6091f4e139592d5675dee16b0,android
5b3dfa0bd3ae45499b3b7dacfa016328,android
a07f013be8104b5e85ad8ab6303f5e09,ios
2b86fc5837f34fd998f46c9b5dc08a9e,android
8f3eef6faa6b4e57ab3539767e17e7c9,android
c5c203042cb1456d8a4fb74d23b50047,ios
32545f6763b044589c1a4026382024a0,android
b984b9a400cd47efaf5703ae68a81458,android
e120adccb8fc4cd8bd5b6216fdae7645,ios
2629dfc9269f40009813a9f14b808ea6,android
2d48bdcc84174accb677703523a6ddc4,ios
a0734dd14876436ab08f2fe2ccda4ac6,android
dfe6f6bbbff644b7abfc29ff81724d5e,ios
86905def9bdd4a2e93e5e6c372f41be6,ios
02349661bd49453e84fca3d8acfc4450,ios
227cc3cb45bc4c5a90a58375ba53ddbf,android
16177c0382b345a68cc4fd35aa8d522c,android
d29ca2e270ee440b923e61125965069c,ios
01b35af0247d47539c7ffd92fba03b16,android
1def02497ff54f639b1e75211a00cf22,android
c775675998334d6e827c06a933ff6cde,android
62e74ea1ea6c47ec9a680e7151418387,android
cf1beca3c8e644b99a36c421175be37c,ios
7aa37119581e4ce89ed6515ce2022db7,android
a31cbdf5cda04ddc935005b58907f3e1,ios
05b17df0b0b0400484251aaee853bee2,android
c6de1f17f89c498eaf7f3e957e202ae1,ios
a57584d8599e4a00b8e1998713c925a0,android
ed7e51a25d00484cb3595d16d6e5c826,ios
9b94e445401d4b469c7e1e9fd113aad5,android
fc7feb8a07494587b121a93a70a35995,android
acfca104e6c3459cabee88cc4788f926,ios
0b117a36cf8549d6a4ce4f3dadb1e679,android
a82f065520f145f1a6e49f1649d9df16,android
8ab0c2db204f4c20b9d4481331944bf1,android
55e30a5013f64dab996dce36d89d7b4d,ios
0cf7f0b9446c47f0a51694cfea9f809a,ios
cd2db579f2cc450d8c5a0efb8442674e,android
25b84ab3d29643f2a8f22984a79e66d4,android
5f182097889e46438535d04f9a8601bb,ios
ef92634f2ea544f291668f16609b1d24,ios
bc29b12fa7d542e5ab0b5c71fbd83ac4,ios
8be698425a0741669f794c7d23810a34,ios
754162396fad48038a1f65f93150c4a9,android
03f50909b81741a1b6bcb89cb56780de,android
8d4fffd5316d44db9b265fc9f7b5f907,android
af41318654c14ac4bf1704b62ff936f1,ios
4e82f80518a44cdf9aee83fcf971fd3f,ios
339b70f9766f40889b88e42427beff35,ios
4ed8ce93d5134b44909195179e13f7de,android
19b59697c0ee4218a236a79c226c70d6,ios
d4d3433e063643038a1e543ef6752664,ios
d3a03cc81172449c94e0937cf81e6659,ios
fbe04722328a43dcad0192cb45fdfe8f,android
6389bc03758f49d1a97fe5afc0510d4e,ios
8790c49e025f427281a39c4c5342230f,ios
41c424c88fa742d288e7e044d0fa98c4,ios
f3baaa36996f434ab674909ecf8383b3,ios
acdd1d5139104a5e8eafb5cf5a38b40f,ios
de183688a4574b1592d6aa0b9f2767f6,android
7ca3369f6a824d0da08dad84371b382c,android
b5f7da9d694643b694f5d61bdc4491d4,android
fa055116abbf4395ab5da2c77d53edfd,ios
054de3591b1b4b1fa7ed9e78f146c1f8,android
73c0b159ebd447c9bf7e09be504b773f,android
4caf02bc0f3246fda37000f818514428,android
0bee4813f34348f9a6a0e8ca9333d8f4,ios
900c2ce395704e8b90179bd43de4bd16,ios
1b87e582477d42b78e6a48b50ce62a1f,android
aed7bd56e69644b99431282bc4b89d1e,ios
bac3b8a6b4c74ca09eb4ec83ad5a9b2b,android
6edcdd625d1741bfbe57efcb1fcbf08e,android
c4ff7ebe2e144d8ea292125581ea59e6,ios
adaa5e7115484ed498dd994af4457b39,android
344b1f959c554668b4ae83c321a41d1d,android
11acdd3e4a1d4b8aa9b5a61664b3776e,android
07cafa96423944878b36a6b06acb5e9b,ios
cda74da407b0497ebd714bb41d0d7dd6,android
d42d722efe9b41fbb42704694e4c2b48,ios
d5d7d018a8674eafa72acd1b4f38aba3,android
e8a93a282808496a807cbb3477127e3d,android
77f64a79114448b08f6de1a715620d46,android
e027db2b1e774c47896381f6423d3c87,ios
79b9bf2b7596483b9f278580b921fb2e,android
5810286a4b394a6ea70747fce75bbb82,android
14ab76c8da7f497aa222948fe845c7f7,android
737315c0ab5c4920ac48018c2f91a99c,ios
cdab2077574d45558732b550fb5c02e4,android
9316f95b075548268fdfc6232d2b8b72,android
37a9a1d3b8854890b3920a035718427a,android
1946ac83d18d41be81c8b4d10cbf6c30,android
0ca183fcd3f640869d11cf9a445811ab,android
df649b93e9644a169c4abdcba5904bac,android
8112810f9a3446bbb10cae2a345164b1,ios
85e6504c43a744b98e42317e46b2ed5d,android
15c6138188be42e6b5ec1991c196605b,android
a17b050666964d189363985f0547f951,android
ae90e3fdb8a342a29ad257a4ed06eda2,android
1d442c69a4fd46528bf9d3f35e5b05c3,android
5603e54b14d4417db02d7b1a87b143d4,android
d5ce3320ced548949e68219c5dd82abe,android
186e274807e34c59b78a9eef664f38ef,ios
8b2716b1c4c64fd6b105e04140a2fdcf,android
3450ec3b428e46eb858f6839e1d72b5a,android
210f490efbed40d699e25540a23b4c60,android
fbeee3ddf9374d168ee2315cb8fd325a,android
f5d38abc5a334d4794cf7701825f1077,android
e67dc34b11fd4037b3c6f850e77359b8,android
3f3c203334e941aabd94c01307f1c83d,ios
d71e9b586ebb46908391e1cc8a21f278,ios
d4f7d8e542454bf88c402a21fd7fd02c,ios
d2a5521df0834320ae9b02096bf4df52,ios
2194e24261c4453b81757e88f36d6cfd,ios
ed0ded0fa06f4e60beefa17e642eba60,android
4deba7562b384e9b9c784c585c1332eb,android
8db7dc6374fb42619665d68ddd77d83a,android
5cc80e1417694fb3a41957bddf8377b1,android
3ba58a5852b94c4198ac286b3125f660,android
7fd774fbba6b46e59ee7e5e28e4bbe92,ios
644c503293c549f19fd68a62fc5d82ad,ios
64c6955d6fbc4711af892d18401f3b4b,android
a0b484eb1da9442ab04eb8f155aebd5e,android
ff983e336fae42bb97420e35fe2a57ed,ios
89bd086390e241d2845ef923a86824d2,ios
1339ee8eda7e4d20840a5eec91acc03e,ios
0d1b8878d81b4aabb28bf67c1d85c0a3,android
1f96a6d73cec43348476647a41db2eca,ios
299f91eee5f04b59b5e123bc2ad47a99,ios
2226dd68cd4c407391e0a3c7cc73e382,ios
82577a93c09244879532f0de9547968a,ios
0d0d95db9b50418e9fdae7192f39308d,ios
25f07f4c4ffb458e9fd184153cb59b4b,ios
92541ae2babd401bb4c4ff4fc0fec2e7,ios
a396761f515844ae848391572c28ba94,ios
969d05d9f87c4bbcb1479ed81112dd72,android
375b8d8aee874668bc6964567e5422ab,android
6dde9a51868947d3bb0a9f8b996e885d,android
ecefd82819b546eb86d298b482b54ae6,ios
eefb61741c6748f082e26d7cab5314b8,ios
07f65ac518074be7a5e4c66047ec0ca1,ios
564b311e1368445494295f1d547ba322,android
fcb615350eca48da81cf4eae2061610b,android
1cc72762f2ba4f58959917504ddbfb3d,ios
110e6447aaed441f97eb796864f7d945,ios
528e77befd744c528764335615beeca9,android
c7cac51032784a8d8e2f7b33ed162a98,ios
9104f25beb804bdd8b2213130af0cd37,ios
7fb2856430eb4d739b1e683be9d7aa7a,android
b307e83d6bea4418926743097f0fcae9,ios
bce35ed264ec453998a5104c7b2a9e34,android
792f4204dd9c4fd3a0acf0aea238f5cc,android
32cdc9a529b54b52a18ef126de833037,android
2f21ae23d7f740269e544b1d50ac3986,android
d0491a08cf784a4c989b781dd795bb4b,android
985b004b085544d992a3ad3082a60558,ios
63aba4ffd65c41f58129435721160846,ios
abdb6784addc4cd4b9d52276956d3a3b,ios
7459cf9be1e3458db4a972f5b09a6e32,android
86ccd175d6314fb9a809bfdbfbc694b5,ios
2d1fc02895e74fc5b8fb4e0c4e12769a,android
1325ae51a5714e9e8aac96883a472946,android
1026c766f32341eca04ce570abdc02ff,android
8587a8c844f243d9bebb7d4620431038,android
5e15398e55d040148417180066fa8d44,android
fae1dfbd20604307a9e60c681036614f,android
6d84300522424450961f1766834236ca,ios
a56d37b3143d47e0ae8870d3897bfe13,android
8e291e611ad54de29a0d1b36ff93de08,ios
c10694d3bd454f5882e9af0adc5b8b51,ios
b7c0ab94c42c43999285d571b7f63ff6,ios
12b8aa4ed29442c2b430bf3d546ea059,ios
bdb914adc7214e46b803fdb1dd10c797,ios
f2c713c7c862490fb5abc4b3c126536b,ios
fee93626058e4b8097111300f8e7aa71,android
9b33c11d5775493b92c0f8db7df5483a,ios
c1859fe7b0424ea181a277ba10f5b0da,ios
9cde92c479294efba025dd4ce8a18fe3,ios
fc5118e0fb5b48e1babfdba45f4320f5,ios
bd5ec0101bb04bc3bb7f4bed0b8ce334,android
ef7bf94a02d948a385f04bb33b8cab5d,android
f4c7c9e20f37479cb82104ce2c88344e,android
17b6d4cccda54398ad0d0c330745bef1,android
754c19f5fee34a93945da68f8620985c,android
8984110a8b3b4415a9d0783543ad8a78,android
9d33d3d635af45d789ca03543adddb74,android
6e3f4dee1fa74d1cb3c511ed74233d89,ios
4c7dbe02813047098da593419ab4a744,android
a9136c9855194719bf95511a9afdd21d,android
42037871892540ec8eef611812270aa2,android
0a2c32fc59fd40ee9c677e4371c2941a,ios
56b8ea3b6b42406a860ddde75756ce90,ios
57436a288c9347008ab3fa6ade5712a4,ios
f4d37b082630495ebe854fe45832f19f,android
4705ba17d6f444aebd4f520e3ddf6fed,ios
80d16c332c8e4c95962c1e7b7cc902f9,android
e45797dc76064e1da45ef9663959b093,android
e7eff46b918449118e2517a3d2b2f088,android
93a22230681c40a29ce4a41b2de5fbbf,ios
f84f0a60dd534d788421884675ab73ed,android
e0fa53e7dacc4b50bbfa0e74898e7ed7,ios
cd55708b4c4143e28caf4b92b6d10b4a,android
0a7aacc124bb43b9ab3c3b7bea3f9c90,android
1165855095414026840eb11060026923,android
ef5c2871542240a99385ae6cd678ddad,ios
25c98373187c464fba487a3e3246fb82,android
0f5b2ea1d40e40558b4f453feada829e,ios
b97b9eddd23045179d0c67f574f93b7c,ios
9a05f80caa284fd6ac50f0791aeb7877,android
f604556525fb462a97cc10b7a0fb3df9,ios
c3b5f717e3764a0a9d4908ad07499f82,ios
3f882692daf24e938eed2971e985ec80,ios
3520c778dc4c41f4af7be93cd604bd82,ios
87046978b2844f888bbbfa43b2a886d0,android
1bad582cb44f4677b5cbd2e5d9ab8bd0,android
8b72ff4eca7a419ead4aee0c83ff52ec,android
5a704c2c87fb4bfdac4a6b3ee336e2ed,ios
1c705233db7d473788534bc025952824,ios
88ad85f3ada841e1a08266756e270c3a,ios
45dcf36537e3464b927d692a6c635f0b,ios
5330a0e1d0bb4350a9c226a53eb57768,ios
7afa7e95a9d248748eff59017e7c138e,android
24e81558795b420297bfcedda4a40b0c,android
4508ba0e6d084673aded7d2648c294c6,android
d44ffe51bb034897985fa6f3ad10a56a,ios
31245b17b63f4aaaa7614e7b3b4319f6,android
10c49d2be4c7421385038ba778b0adc5,ios
b76896c2cfd144309fffe4da28a1e0b5,ios
0acdba3d790945519a444fab75de5152,android
1dc2f9ec2a7c45ca9f747dba53d65885,android
c5475f0fd99b4e7d8b7de6b129adcaad,android
9b8d73e050984371be898f357c163056,ios
8a8b69820ddc4491b21d686e5c8a44e6,ios
ad51c9239bde492f817190e6a8c3883c,android
52fdaa64e3274d66838ad601d7afbaba,ios
a29bd90eaed2425794c2e4900e27493d,android
d97dac9f29ab4db88323b21cfa8c4091,ios
5b03339a5b064fd99de55116ba1efd23,android
a1bcfa3c780840d58ac79ba067de902f,ios
b6d65d0e7244413588da8bb75806da01,android
4ff6941b641541c6b1c05c6924cc76a9,android
c77ad92346294a2b869cdd6972b3b07c,android
0c24f1978e5f4c67869a38b1139cdbf2,ios
8b6a54be291d4ce4bd4577e96f4625ce,ios
87d8c7900ecf4e1ca6fffefef23ce904,android
f86ffbbfa6ad40dcbc76bb10f92d8b43,ios
7071498facde4d99a7179acd80e5a832,android
48790bc2a6604feeb85efd3e0b4a6d1d,android
2a8b8051083043ca96513a481177611e,ios
8d0cefb07e334996a4d82fa7bc13a313,android
49b2e3936ef043158e0e39e6430636b6,android
90d7f83fb5054f3cbf508f6b39352f5c,android
4470752ab52d41adb74d1a295c45729b,android
8a0baeac56904ff4b704110cea497615,ios
742c7f6bb2464780b00088bc9d4450ac,android
d2d74e3c626c4353b26534a9e5f108cd,ios
29af2a31e0a94781bf9d9dca6123f388,ios
527c239659c34a26951095fe48a41b27,android
ac328f7559a54c969d872370ca047b54,android
881c3940ecf84366ac5b972a287dab54,android
91ea538e12c9476c9507ba2690e35c2c,android
27f5153548ca4f64bc578f0d47147855,android
99009f65bb0742ad96a11b3002fe0e2a,android
ebcc864a885d49bd93b6513f2e203de4,android
cff86c37e89a4204827eb488ab97d367,android
f2b41422e9f2483eb9bbb08e454b005b,android
88108fa1de1c461cb2f71be74b69e668,ios
972386f00c5746559cd694f9d3ac7093,android
cac37d691aa24dc882a6950d6382062b,ios
56720cb35d1b4f19ad2bf6841ba554dd,ios
b7ed8b50066e44fea3e30f5cae3ca4e4,android
49c91b0b86804cdd876e64f9068a5fe7,ios
cb8bb3b7e614474fad68b7f7ced90cc0,ios
77b846b32a374a488e48f47144cedd80,ios
8d44b90334c84dd2b891247cdaaa1cfc,android
08b222e723d2428f9982029f6b7e231b,ios
00d7a546ca58481db8aa755b542be343,ios
8e833ce754ca455c84b879d5b988138c,ios
c79845a0bd864796a2427070c21c5400,ios
9492efb1d55943f2baf8d3860b00c2fe,android
a1414eda55fd4b99909bfbdd9d2d6922,ios
dfb6ad4100cd4dbeb62165e799fa9ad4,android
4869a006db5d4651829c0c94b901da5d,ios
e7e06bc583c54924850e326ef1a3d0b8,ios
1c11840a118746fda96dd4e7dcdcd48e,ios
a68156deb13d4101b7d4a97b416558d2,ios
35916898d56244dfb7053cadb4470a3a,android
8e7f864d3e3a437bab5e2389b003d803,android
aea2c9845328404c9b376d68f3e1d652,ios
854b200c895f47dbb13b05a268cd75e9,android
979a57252fa542ee86e47456fa2ef8a6,ios
7a63110bf4cb46ae9042efb718430d25,ios
683689a4003e4ab8aaf14a1629a391f3,android
a203bedd7b3b4c99a8be19d2aeccccc9,android
96af52acc8854c68828f79e0f52ad9cc,ios
358d633441734125aa11e444d8e0057d,ios
a9da65b238d847eca1e655442a7d6279,android
a4ee9fa1f2d74cb08d83b377fb36326d,ios
acf4f902047647ed956072daa270ada5,ios
f8fca321aa8943828c9349fb8fe02343,ios
f504fe97f5d645858558f499729a5626,ios
e9d0f24a8b204f7e921bc4c3f1bdb9d9,ios
1b4549385b734053a36807251a39fc65,android
bdd5bb9a647d4af6a26424734193e70e,android
caaf3d88fd50415a97947a49528595bc,ios
a9492877073c4ce597959cb415e227ab,ios
e80b2a5536cd4a229f3f0c63426d4c75,android
bd98b41580884abca74d3a2a8878cf5a,android
aebbc30772db489a88ef83ff81b74e47,android
2d90513a57b440cd8ed7dc5a70be51e0,ios
2be9944a1c414040ac0e2fb4a5ab61fd,ios
640a6583b3ff4b92ad12e8d8ac272f07,android
ded57b2d36af418f810692799dbccd3c,ios
ddead91dae8f4d53aa614c661b4529cd,android
b13e0c2acb57441f86e428556708cffb,ios
8d12bfdc92a9462b81b884342f00c6db,android
08dcc7b2bfac4ee2aeb5c5f0ad7cceee,android
ed1b22ef5eb34b7ebf6d91da687771d3,ios
02eccb9157d04bdca4e92fe962416a18,ios
b8bd7f2d926f4d61a7492bc0b91a16f1,ios
469e6ab1062e4c488464f5c5a15ccd42,android
9987218feced423db4b8b761b079f26a,android
1f97ff8cbd124a1295624ed694a1f0b4,ios
ded2c24e401d49159d70aead67dd07a0,android
9a6c924cc5fd44f1a4d21fa7c0320d9c,ios
8464e54cffde45ffa890a67776ce9964,android
ab45e3abd37a471180f5d12ee7215d87,ios
3c56dd8d663f43d695df7b3e9eadaba2,android
d5c114b6cbe94df9ac0bb079141613eb,ios
7d9971822f534640beebbcfb4f5c0df9,ios
e4ddc81ca13e49739749c3f185845537,android
562d18aa8f684526b73d7ceabdc0b241,android
c4a82c687864446c8c1613760671e453,ios
aca77c3d5fe54246a5686ec377702819,ios
b66a354bd6fa4ad18f12221762a88284,android
2a680fa102594661bf4ee3a728ba19a1,ios
70055d9c35614c5f9e46f570b7547a5c,ios
8b6d0aa5ce114cf993399891cb5886ee,android
0586068f21554027ad51646d6c4531dd,android
4d593f77713c4c37b2bf5b231b351bf3,ios
214b333f44d14498b5729b2a1f0cae8b,ios
d86388cfa37c401788fda8b180c9e93e,ios
628c0f7d993743bc98603037784359e9,android
51be101fcd8948869e30f3d03faa3a1d,android
82be47ce210142b8ad28521b6ae880b8,ios
fff720f859aa4de79e2ceadc14ce2996,android
4b55a56161e3426da36513d5a7f8ab08,android
848fa2648ed04c9586fdc7c733eeed8f,android
1654c803630449bc8d7d19664729381f,ios
01a2a5ad88d34705b3da5e2331980ee3,ios
c91ae483ce854d3797e8261960862c5f,ios
a6fa2060b4f24429873aca21c226b562,android
d85774ec518247548cac4cc62a14d568,android
2315c578afa54d55b444ee29a120a112,ios
d0ef29986c1d42e89bd25ae388c37090,android
fb5e6e4637b149b282cfaa8e1b4fba2f,ios
b03b2b2fd0d54f93a8f468ff98c06529,ios
2545ca76d3604fb0bb7715fd88ba1e3f,android
804b97515119420196ec9b991e285d82,android
8ecba36e2efe438e8ac1056ee58dfe79,android
ae2028a5ac0b4ae09ddbe1b110340a22,ios
da82c8f9b78245e393944c0bbbfba992,ios
acbdd95b01aa4f71984122986701d7fd,android
bf49e0bf7809446d8eb192757a318957,android
074a58a7951b4b1e9c768bb3b8c59415,ios
b583331741b74f5f86aa660882ee6aa2,android
ca6278fc8278408ca14148c0ecdb8c85,android
f083e978c75f46ddac5af1f56c48ed14,ios
4a9f0ada8c6a42ce9df98368181d6998,ios
049bb9b936804a45acf4162e8e60b8db,android
35cfdafeb27f49e98e85c85f2826cdbe,ios
1abeab943c734b5c807d68de274ce4e4,ios
b4e6250ceb3c400d89bddc1469b15066,android
8e0efc9a638b4395af8db02a713afafc,ios
9a0e7923b2234a0b9187ec4f2fb82f6f,ios
a51c21771bb64975ac8432c3bb2d48f6,ios
61fc5a45889a4828a3fd07d6fc97a3ca,android
1578ad6c45934ffaa37d8cb086c5f094,ios
00d9506a0dda4815bf3b25a6960b1371,ios
3232fc7330e3451989fc30dc820fe2ec,ios
c47b0598b35548e0b0aab723d4175c95,android
05770216e8634ffd84507a81ef167c9b,ios
5ea796b1fca349b284c3abf398b12c91,ios
e630b795294242c4bc53efdfff3fc6f5,android
2c49be96553c4017a30b0ce48b38ad7a,android
57c78bed224a45f3b7cff13a22a3f869,android
488a3a3d2ece41b8a3cb4045a893a57a,ios
eba2e7553c854f78b6870bd5508600b4,android
49b1133890764cfc822645493d275f33,ios
cd7447abbb67463691b4913041789bc8,android
751a2ce3f92544bd98a9f8ea449d5dd8,ios
12d182837dab44d49c1ec725cca3e2b9,android
b8eb04708cdd4dec9de902a0a6b0e05d,ios
ebcf99d1150846e385d75334478e4acf,android
7de099b8ec8c4effa956326c866427ca,android
be6c1685c0d342d386bdc036e088f8dd,android
911d66bf574645b0b3d38e0b9947efaf,android
ae00b8599f9640cd872d6c5d76360728,ios
d2573b3e98ae4de1a6383364a14e01f8,android
f76cc8ca71ca4687938417b239adecb3,android
bc33fd220e8643b6b3d31840db379dde,android
30855a9629134387b21491c10e96c46e,android
7fc535a259bf4aabaf3be0dbf0d3f123,ios
5829001934124ad28be1e4c9ceb0b54a,ios
cffecdccdf83454182a5d021cffe1611,ios
709acf48c2c342239e01efe5d373459c,ios
3e8f80d7fb434a49aba3b6a814af1882,android
f748b09909cb4593babf4538a855d396,android
0d9ea9fa79ba4a60964787ae9cd60fe3,ios
d82ffeefb58e42aba9cb5cbaa6311e90,ios
fb61634472254f0f9dce67b50081e5dc,ios
da2dfe02742d48d18834b382a8e9d101,android
838f29d88405478490af4921b124fffa,ios
6d102433d0a04f1c864edf0db11c7512,ios
13d8f9daba514abe9c6f83ef5d418aa6,ios
63256d1f06bc4efca67997902df98528,ios
fb96994fffa2498599fd5b97ef4a8e63,ios
2dc8efc480814eaa9a52267d6508d886,android
e8992d70ed5d495caf8018f1842377b8,android
f47d2decea474041b7a442b4b0f9c2e7,android
22b001df42cf47528c2645f50eba19b7,android
a14ed6a9482442629b6d7fb9c5705162,ios
eb7c0dbfbf71441c9242fb806fa0f1c0,ios
b2a113a79f3348b0a7f79ed3804dbb4f,android
588ce55f5315489dbf6363fdb7fe6d3e,ios
e3fb6fc6e3b1433ab881d0a7317a96a4,android
9155f066b5e44a23a2a3434e6b82a084,ios
94bb06846a8a439c84bf12f97265f585,android
097177d16b1e42bea0b07ab60a9591cd,android
fcc93fabb28a4bb29c7b97b5d5c24888,android
b2b4c0eefd5f4ba8afa3c0b58738dc20,ios
fd2ecde7a66d4dda9ba0c15b3453422d,android
022a3b9e84c744c7a98bebc29ae79c90,ios
419e7de10a474c3ba340e953f24b5380,android
504dbf20768e4c1d9e327363a61c4cd6,ios
3986d388b91f4ba2bd260f082fc604c4,android
4765b369275140b0aabf461746afebf7,android
9a66af59a4fd4d51b3d557c812600e89,android
edc47a62aa834c93ade4695916c62b1b,android
aa922947ab094519b932071391421178,android
c1c103a265b8465c8862cfcba7bda908,ios
912cf65737764cdbac15f8ffea3baec9,ios
7c828f7545854703bbadf605212afec9,android
c74d318f6e5845158771fec3b9fbdbaf,ios
9a8d691789054c64b511040f87cdc15b,android
f801bc842bb04a7fa2ea2bb301c4172d,ios
44da5861d852424cb72b4dcd3d7a1744,android
ab493446bdcc4595b49e3f34a21a2b9a,ios
878a19bd2f6d4bf3a71de22e0cda7f62,ios
52b8bbcd1ce4457a828f0e4e78a32bf5,android
73e9b9e2e2244eb496035057392ff29d,ios
15c60ec5039c40b692f8c9f737d092fe,android
d6688848d1c74393b8495f288927c178,android
526296efc42a45f8ae1cd78448de8a62,ios
51b7fa4ae1ca4e859be6e3a548af20de,android
92bd266384564bdea1c0fa259d97dcb5,android
0aeb50d4e9954c2a8001221191295a93,android
a4749aff99d143e99538a93a120a657d,android
c220568d8869416d92d98ff1b0598f58,ios
6fc79ce60b184b418b6c95eb69d1ae8a,ios
3445d244f87c4751af77445317c471f3,android
e9217716fd6049388f1f1c96233a4c53,ios
a5b8399be1224beeaed22ac3a61f7715,ios
073d4b7cb59b40cea8913da8867b15fa,android
b13de03dba7e42c58030d67b132663fd,android
188e86c040fd4b17844d5d03eb8f5db6,ios
38419606878d4c5fb92ebd902f30e8fb,android
681548c7bb824b1889ed63c889a8f161,android
faf7fb1f47de4ceb9c930178e7e90ee5,ios
849bc882a0e74af194479f3724960179,ios
b1f629c6c3724d169c343e71e6e392c6,ios
d5b88a7ef0444e82a64c368e891df039,android
1946d767eb4544b4abffd99eed576069,android
9c480fa98d9848a485137404f94dab2e,android
e2580950704541a596e20ef63bd78b0a,ios
da4b45e2a5e1403ebf60b6ef2312459b,ios
39c30e4ec030487cbc4edc140f27081c,android
b0d6a55cf02146a8954ab1a854281a10,android
c45fec5bbae94afcb5ad18512deadeae,ios
8ca097b6eb3045b283bbcf16c0b6d88b,android
e8f1e949b7cd48b993f704c5fae9be99,android
08ae44c219444ed0a03eacf0f05ae862,ios
98ef8790a8be43eaa7e93146bfbeb09c,android
dc1040596aac47aa878fe1c94d13488e,ios
300a79bd3835425da31b268e18460fdf,android
eae2ebea40334a37a05042eaa4f9b580,android
0e691e102b5c4067815201f9c7edbddc,android
b21bd75952d2401bab714362a1a9f646,android
62680bdf1cb2407fad169cacbb21dc51,ios
af6f3457d885461b9b6667e4b01da0b6,ios
c1c463564480423694c1791d1a760996,android
9aa8a7a4092245c2a141de319a63300e,android
6a79483fcfc64838a24b0c5cb9db31a6,ios
e3a30ba5239545c098421b4415182c06,android
87e0706a570d4c808d803a3e6a208d41,ios
c4b798c2b8cc428fb08f3a31f36eefba,android
81b6fe0d1b4348fcaae2f25d19fd2ad4,ios
077a462d34144dd082bfd7152fedc1db,android
73cf9931e1da4e48a70e84bd66049e86,android
049bc0b8781449e98ca7991198960ef3,ios
6a9c2c695dfb47d698d1e771aafa3f2e,ios
1d9b604c77e2460fb39210282cbb6079,android
fa2163964c43420ea138dff84ae25bff,android
7a5a02ec0b8a4378bf0e3c17591a9ca3,android
50e783901d6e4bc99060d2323658d776,android
cf4471ac9a19444dabd665d7f3e8e3de,ios
8dede4a85af845cb9809de7e2d34ed05,android
9996924409484e269a5d7aef0825770c,android
a1537a82bb084c6d8051fd07080cf7c3,ios
f3e8d99e9ef0427991504efb186e68f3,android
0dfea680d36141feace1eadf49a64e1c,android
2d368b8afd2e42bcb37913fde2048204,android
9ea0e9e05a824ce68ead4c7487d6108d,android
dbddc58e4f6f4c73a37b07455dc825fe,ios
ba36318097e94452b7abc43fee009598,ios
a2272549f2c843258e2840768bde8a29,android
69abdb6270aa4862a8120d1818f3bddf,android
8d4b6c8bc3d746f09b5f2b9852d91420,android
df15766a580141e7b1364855ddb7543e,android
c239ac177b4d469b854c73589895f0cc,android
feb2ec1a4f25451fbf86403f9b6cb1b5,ios
fef83d709da74857b7f5836379617743,android
d36713a58fd94bed8cfb9ca4fa757f53,android
ef6e9512d7dd454aa6486630fd90ad46,android
d47495b0dfda47e99b1dab20ac6581c2,ios
df6c91898d8d47d383315880b0adadb5,android
e8cef3fc7bb34cab9b3038a366d10fec,android
1e7668334ef648308943d3463043a25f,android
050cfa4206c34e708f33c6d19b2878ae,ios
4034ab2cf8624bea97186c69216f9c7d,ios
4992e8f902d9498bbf0010996e753098,ios
0ec26acb906c472bb6f7e258663b707a,ios
7d73a0dbfafe427b87230440e3d7c1cb,android
703a9d150a774fcebf24a53db7bf9116,ios
858a88488cdc4107abaf6d4ef55f4969,ios
18227eebe6fc4769986edb760dbe9b80,android
9badc7aabaa4493f80f7daf6fe527a6d,ios
7243f249b1d643ec8ca1ced8827b6e25,ios
120f8d3539974682afad448cbaff01f8,android
93d99708c71845fda56a975a21fbda85,android
75433d55cfa843b9bbb847765f241b2b,android
0529c9058e6d41c2923a9904c7e86c02,android
44ee46b64d014852a5aa04d778893cdd,ios
f35c2ff238f94073820346c14054a80d,ios
03aaa4cf5a534cc6875b615d9d444ec3,ios
b3ec40ac63e94226b06673b38467f1b8,ios
d81101b3fd0241879ee421237caf85db,ios
c1e9e6b02f834880bb2ffd3428d11fda,ios
4932af57aa5c42feac702629786026dc,android
d55b4c40b84242769c6c5ceb29f9b7e3,android
e691d2605423472681dba5ad2f29a541,ios
421ad0473881459d8d5cc24fec394d8b,ios
53ee0ac6fcc24c81835fd21e56b73356,ios
b07dfa318db146c181581874a1995128,ios
0391ee642b304b0086bed143c050fa93,ios
f8b26f2494c746a98cec8ab574af59b1,ios
e44ef00784cc40eba8538c0f8b815872,android
03098496fbcc486ca41e8d3bd5981ded,ios
974fca7832c142dc9440267cf2bee4ba,android
8ae33ed210ba4337847f7db38d75ebe5,android
3569d840d1c74233939b3ea2f192b3d9,android
80790fe322da4fce99a576c1baf755df,ios
907de3b0b55842d6af9a058a938274b1,android
6ec6870cef994932bac095498fd1fad4,android
2cc49bc429814ebf978c164eadc82503,ios
539e19691def4242af11d703fe4fdac2,ios
624c71b8f5d44cefb9f5ec7ae7740384,ios
5343e855b2b746c18113f62f574bb669,android
7f496d6487804f7d86c4001755815151,ios
42d8c517a7b74916b31029c4bae6af96,ios
d9dcbc5f06444241b157d4eaefee70af,android
537df52bdf0c4171b154a48d2d6c9520,ios
a01d675b3ece4c09bee53684a9cd5179,android
9369af62ad844077a4a4e4c84a5c4bf2,android
1a806b1811584e499094d2d69e936cf6,android
bb24f244c5b44d689fde2eaf697cad07,ios
c865f5b0d65047128d443f2cfde282a4,ios
9b336c3d4184470da0d2fe57fca623d9,ios
053847488db64243bb0a692dc375949e,android
6888e5a7f8a447d4a7a2f247caa7fc7f,android
d03b3db346fc4bedb485d0812ff5536a,ios
a27e520f4ecd430daccef6cc8b0dd691,android
56a4437948b44c17bc4ef173f2a29513,ios
e62087aad69647b8bb9c57a2b2705115,ios
d51ecfcb744a4d8891492e7de8ce4277,ios
9bfbfc9c4af84f48957477a457563794,ios
8081b02a88bf4f06890c378172dc5538,ios
0313ffd9847b4e17a80d54169ccc4731,ios
d6a7e174082b4e8eb8b057b58d385acb,android
db149238accb4610ba8f0d34a6559ff1,android
f0b2b4ceb9fe44ff8a6a72d75c970328,ios
88925bcf4d6f4ab8a74317b34ce58b9e,android
0fe15abd91a04603ac8bf2723bb6ed01,android
ed9f0a27514c423b9ce9da6e21e6adba,android
361cfcd10f424b83a603f9abfefe684b,android
30857ea884db4eb9a2ef596211a469ba,ios
3450c1a1625344918adf839dc774e807,android
a23fc4a5e1494f36b5383107eae26762,android
a171146acb434d97a9b22e177bf15f10,ios
bf026bda65124f4c81f706eef7b75b30,android
f25886c8650f41d3a15205268fbd6e8e,android
6f083a2f236541409d7f56c18306c669,android
94f9a60fac62457a89356fd6382c2050,ios
bf782d0a8ff0467da938157cc954dd69,ios
98e2335459a54400bea58be309ca0ada,android
13f3372559814a30aa9ce8333a06b4cc,ios
12d804d2552a4199bb4662050c42ff94,ios
c8535aab0a904792aaac0e791fd23d3b,ios
8aa409c6f96d4596af617769a0735128,ios
fff42012ee154abfb927cf84d54cd5cd,ios
cdaafc4e4d084d08a92c9d644d28975e,android
2b2d3f7bfcff44b084ef0a3de41f6b74,android
59fdb2e72e1f440a85c81aa516a50dfc,android
8a133ff1c4494b90923db401c445def3,ios
94f901fb143e4b50bf3cfd443121e74c,android
296edf9b08a04ee592fdfd9e9ee31315,android
76a4db299f1c4c1091f28a72f03dc399,ios
d478bb3e70864994a8fe170d153c9b2b,android
920f2b49303b4b3eab9df631adcc0e47,android
e8f326e0f7a44978a4830842ab44a515,ios
57f64c888658403180db42b3d6bfef90,ios
d08f9c4c38814686aed7582999323197,ios
864c60594b8b444ba9795dc5436f2d15,android
5f3f13fb72d84b9dbf76598b806e09e6,ios
b1b858bf5c4c47c2a13cc9bcf6dc7e53,android
8dde175af7154b6a8423a4a846d52e12,android
5ef81156adbc4a329f02e3ec33b4fbd5,android
941690e97b39413592fad03cfed50444,android
520958011e894109b270fc51526a7dd4,ios
a3b38772b3844a0580a5c1bc489b15bf,ios
6860883d2a7c4acbab11d94b6a93e790,ios
f0b398e78b494cb4ae782aae1bc794e4,ios
5b8279e193df4dcea0222c895a5e5b6d,ios
592dc27328b14ed6930bf99baaa7407e,android
063e2e7618aa46818494a10bd60c256e,ios
cf149d2bedb14b1091c4e6037224381e,android
2a5e2976285b413cb7a24078976a110c,ios
8ce3d156ea61468998731addf8b87d9f,android
b445bea49fb24f8ca27386cb4d3f425a,android
c066466c07e94f99bfa7ea4e2c2326a1,ios
4d6dbeb58da944ccb5cee99561b4f48a,android
9f0dd87bde60455fb11e4a8ebef8314d,ios
df7562fbb6db4cee9bd8b71ccff5d5c2,ios
65168591845c492e82cd56c3b5960a8e,android
a532201c8e6b46f8b4880ab62a2e696e,ios
0fc7a1303cb9482d97fa14dee3406888,ios
e54ef9ecfedc45d28f846fbaf239cba5,ios
e46859e187814fa796f8c0587b4ecd62,ios
d6e52d85e0ce433f87d098280ea0e21e,ios
30f1ddb46078464bacd547a6b1cacfe1,ios
c293ac12bc1c4f3096b3bd46445741d7,ios
5e0ca99780df4402b84ef6da20d90676,android
f0ed2ea32238431e8472897f2cfa4499,android
d9160eb7a5254eb49b22d61aaaf2fa44,ios
faeb9176d0c94da19c2b0fecb2404465,ios
57943cd7f597458bbe9708b0fec19803,ios
42c7153d3cd74f7d8e277a0e97f7b907,android
a1f16749032a45ae837baebcbfd345b7,ios
0869eda05eb4471fa4b1079c97f16418,ios
eb68b0457df1469da67d1cd6afd8206c,android
1b00aea042b748798c33689bfc978c2b,android
57efe63ff76040a0b2da545db48210ed,ios
1c5c0cc291ca463ead90234c5338417b,ios
73d7406476e64177afe73b01c4b448cd,android
54f4cb3a23a64684b262319d14947eac,android
7e10811cb4b642879d3d34659da4ac0b,android
c6801c2529524027a133a5698c332104,android
f868e6f479854c6382a1f5c2e4f2208c,ios
f632435189e74cceb7e8682c369e3e5f,ios
573318da6f20499fab6ce6ff536260f1,android
513ca345ab48432f836e179f049f3e78,android
2b09cf2f36b646539b0123505e3c432a,android
289ef9508d0b4a4c896984961505349c,ios
5df548a69671456e980169199979af2d,android
4994f0c1adcc4f32a6b64fe2a2fe3909,ios
6f153ce530f6442b955a1204ef9375f3,ios
393ffea14c7b4f819c659db3e2395be0,ios
efe20188575b4badb2620b9605beead1,android
ba3f474f5eaf426687d4dbb0970d8018,ios
5b911361b40947b5ae506e493f1a39a3,ios
daf0ca18434445709c01f80882d7c87d,android
5a55d31144f745238f3178cdf88d23b2,android
a220ddabbefd455dbf307116e2641743,ios
bc4ba7a227014587af52cc142007eda5,android
23ace08ada5e43c498190687d006558b,ios
455e116b3aac475db1e9c7ed1cfcd2ad,ios
7e4a689a252f468494eb288c5aa34148,android
ee50dc2819ac4f4a896c91dd000b4854,ios
5f35a4d88d6d440da5e163de5a22bd34,ios
4150f693435143e79cc4b0ab6cdc53d1,android
592a2502ac4141b39660aab70d729d91,android
29aba3af563941d6954461d924285e13,ios
bd4a845cc7144d7a90cfa3d504669690,ios
bb61b524f00c42dba3174fee6628fcd4,android
8831b693802d4e77a6c264be65b67f4a,android
36531d201c7844fbad4244a1652126ba,android
ba8dd48697eb49929daccb135a12eee3,android
94481f9681b340af97060e6a2b4a6bf3,android
2cc281a148714469a13389ea451a9eea,android
e07bc54afa3d4ee1a7c3638b41fd09bd,android
3f743847076a4c75b74e4a1903b711e1,android
6f4e0747d67b49a1b8bc50323bc658fa,android
ff46695450324a4485c6cd442f4528e9,ios
af039c74db8a415590f72585f509f511,android
6d92ca6258144f4cb02a5f9836982d38,android
aac5a81f483e4e0f846f6e71ded8a381,android
abba4176ec7b4a68bad61aa90c2a19af,ios
763674f577c24aba9f3b1839522dccd4,ios
e6254b3ca4fe420199b689009f26d267,android
5561713321b74e4e8a405ba87a7bc67d,ios
da4cae462aa14d2984a5289fde2c1f96,ios
1d6b997f97274c2f94de3c6a1ca49f1a,android
982f90a4fe3548d9997fcbe637da4979,android
5cd8187ce7f947148270bdfe29d704ed,android
8dadd05f9c564aaab7415327c7e2e366,ios
2d7842b424ec422186b70ee7d959f7be,ios
dc23d538b8a94196b41a66781c463bc0,android
ca2401bf036b4314bd3d5666acf13adf,android
8e07a26d4344415caa17217a9ba2875e,ios
b8e6d7b223dc40d395bb086b52444ef9,android
01e5a043ddc0449eaf5532cbe9b33e6f,ios
e345798e1f664ba1bce87ef4feea06d6,ios
3c92252620a14cc89edd65945b701348,android
aaf908413eae40d093daaf56863e8489,ios
b967cb7b0f69499eb2a650baadc4abec,android
cd483a99393c46a298a8935d396bbd93,android
e4f27337edf34d27b6637560aaa1af52,ios
32b01840592a49aaa22e4819fadb3898,android
a364359015674b169780d1cae5be35a7,ios
79c253640aba45889762e382d45f9cc1,android
2930a308a6a54e579b539d41995b7c06,ios
3c9210fd07804da9a879b4e58298786b,android
75aba943777742a8a56a7521d8b7abb1,android
02fbb25af12e499ebbbd7338a897309f,ios
e55fce4720f842c09af9f7772bb0f751,android
cc7a7b4ecbaa4d6f84f230d6cc2c2d24,ios
c2348a468eae4f458e129a90c73d8c97,ios
1a35da80f35a4a2387b200a46ecf824e,ios
58e14f1d690c42b5b5fc11e84ab38e25,android
311653156d1545879c9f42ea77a75688,android
aad815b94fa94758a3bcb1e7c4b285eb,ios
568fbb2085fc47bc9dd7479f1fb9bfca,ios
0f7a85077f0f476c8a4d34b0f8302bb4,ios
b2d25292225b416b8d92d0bc4da3b467,ios
f04bfa8b94124dc4a4c2172363bdfb4f,android
0c4ce07d85294bc7ab15e48caa9c6872,ios
a0f04f3615ff4144ab9a5fdbbaa6e0c8,ios
290e291ff1334e2e81acd68d3736911e,ios
24ba6e94c4bb4a33b604841f4a753f13,android
79643a422055430089c21d0c35dd2cbd,ios
bcf88f85361f43c1809993ef8573de9d,android
e26705f6d3e94385bd33440cb49beb59,android
086e8eb648f5410fac08e0fa373a1cc5,ios
c49c2db1b02a4dc98488ef4a4816d8c6,ios
9c4f377d02e14ebd80726bc1914e8b80,ios
888754764b044b449de27f32b0459088,ios
88503739ad1c4e70a639e066ba5fc9df,android
317ae6e4800e4f62b8851db79f43c19e,android
a8c5a1abcbf74523809ea009ff58c4a3,ios
d1b5914085144acb83439ee635df1d2f,ios
6d574d6199af42be87e7b22dfe6330c7,android
361b337839e14e8da25ea33a8008a40e,ios
6d4c6c0709574212802aa953f8f6cf20,ios
3072e051ab0e4fd0be0692c4e86e789a,ios
2c213342c08940a78635079af36843c2,ios
e544ba400d0b4d52972303cb5a250982,android
38aac4cd54184da58dc780457b38a53b,android
f2bf00a776464ba3abf73c0e2767b2a1,android
bc7cd3cb66f14ae892b2045fb6cc7c48,ios
caa9ac2608414b3cad06ac390d8442aa,android
54b119e51e6249178511a48ea7c9141d,ios
06943a9b874e4dd28802122dddf90648,ios
d55d045f2cc943c98df164af88b8a5de,ios
663a21e4663c4efcabc93917ca897b7e,android
d59c109ec4f64e45a82b77f2e35467a1,ios
1133bb7892c04222abe108a82ff6aa8c,ios
b9893767ea984e1eb9b6a137853782ee,android
fcd5c1c7cdb6443a9e6c1bbac85d617b,android
bd62cccb1fe845b3b729d5055edd2f50,android
489e13651ae542af91c5b6a8a376c691,ios
bdfa0a8cf7d24027bedec3d736245245,android
d65d6128138940a1b1a87fac5acab64d,android
91ed0e93b7494b1786032a1f7ad71d33,android
c9b6eded98bd483db6e9e15874679728,android
e11d8d31864d48f2b31c248b5501322f,ios
af416957802d467dbd5fed8b084782b9,ios
2d43838f7bb44877ae7a4b2b98f3d948,ios
fca229485b554b88a347ba47a0f4cc03,android
ea2e637d666f447db1c89182a9aaf50d,android
345cd6a3e8ba4a4ca69fd733b0957a2e,ios
61a6f6e218df44c0a277a965d6a1c03f,android
d4c6b8b5cb4c41e8ae27811006566735,ios
e5ae5757a25c429f94214554d5b2c9ae,ios
408997c3025545948b3e5861abcef99e,android
a1063e5e88ba4a57830cba49bafa2dd5,ios
eb8c867c26ac4ef1bbb182b485ab6d12,android
f76f4c1229f64dbd87dc8791349c3748,ios
585112f365384dfc8fe14dc47b56d274,android
456ee1ca72494c979fc775db1e62bcaf,android
3caf134df47848fba3c19fffdb95c834,ios
07e5e7e1a2c44666bd2fb026abd0feeb,ios
f82df02dce05434c8a6cb132d7ac04c5,android
9b7b465b0915429cb8bb4a7d6035f168,android
7686018ab41442f09cb853300a88f46d,ios
d5668719374c4847888fe4bb50ab7251,ios
1bfdea49b08d4336a0e0e64709820d0e,android
80563889d2c745f1aebcdb30ae058b20,android
4ccb2c769f8a4856ad84910067928784,ios
1a73c1453d52457d955e2f35fcb1b34c,android
5cbcd486bf6d446180010770a8b31f92,ios
7021af3c10504c58a5acbd37d927310b,ios
071ca43cfabe45779dc5900d7aff447a,android
4cfabf122b374f4c889628dc9c789386,ios
4c956b426a804ab6b2e23ce5b500a36a,ios
7363481209f845bf87f809ed4a932d0a,android
5c17d5a9f7884826b03c97b4bd524eb8,android
ba4bd1ae6ede49f4b4f4e00e4bdde868,android
efcac910833e45e784b189c6e84cae82,android
dde790cd1a3949e9905bb6a1d01bdc73,android
34e06351b4ff4ca7a9af0d43d597afa1,android
c18cb2fa5f0143a2bfbded4a6d8775fc,ios
fc16c769b1394200b9e41bf07b53acbf,ios
fb6cf1c8c00448d38ddb0f5a59f8c45e,android
ccff973dd22f4407b96948253ae7da71,android
a38ebd0aba1f42a3ad6efa11e52d6d21,ios
28f80eaed78745aaaf7083ed21c80d36,android
6c6dc5e3a6874ae9a9d87a776720df72,ios
232fad775a3d48c9a89037d4267c4959,ios
49ea988ea06840b693b6b7037c9c3e68,android
69189970a6fd4f2faa277815fb5b314d,ios
cad761d74eeb4517b5f465d4be7c47f4,ios
76c8178a87fe4a5e9c5edb41a148c067,ios
f4bacca63803462a8412de659e9255bc,android
bb66c428cf9646ceac1eada2f43ac60a,android
601420c66d46432fa5c5aac95b6bd331,ios
b32c07bc0b0b418290f751a6830acbfe,android
0584fc5eae5b4ea688a3d6a7673118cb,android
ef360651c5ef4a08846ee4c6dac82ed2,android
bd1b852032224f559d54ca679b0d27d5,android
aa9fc231e32247bdaf2e60d4c05d7ada,ios
8b46167c38414855b17190c6cd41ea32,ios
462bf84189034955a88f661591860e1b,ios
92a2f8522f78496bbb546861df29b364,ios
61ef71de3a404267b30e874b3f87abce,android
253581935ee244d9a34c99143f4cacd5,ios
e611bd4c0eb747d4938184d6a6cc9afe,android
6f77a5e3cc1b498d862f5c81345ace1f,ios
446cb2bfe81746abb198274e1135e218,ios
d741f589bd7f4a00bb57dcfcca0cb543,android
888be50e74544f7b9816f67f9e8a4b78,ios
fdda31497f2f4cd3b3d8fe4d095c0a5d,ios
0fde499d473f4d978b912a7e6de5a80d,android
906dc405b9db416aa221649a4fd5ce91,ios
10b4056f335745ccad4cdb2621d91871,ios
89e0576975d04280b5f739dd4e93b94f,android
7bca7e8263a04ccd90a6a8cf0e11d46f,ios
d7cb5607c5ac4869aabac877c233199f,ios
bbac9a2756a24d86aa812e84f1c000bf,ios
89ed168451ed4652b9bb772d19dd9486,ios
ec826f8a7f844504a3ff410b1dc6bc1b,ios
1f59a3b4b5c64625b1b544ae89aecac5,android
80475819461c49fe8136a5e71746dd38,ios
e73a5f78f99b4892b6ecf9b5653974e7,android
e663e496d831486abf9b38596b87451c,android
21a35f3bc2b5484d88ad61e988d1f328,android
88fb751327614d51bfd0fb011fd016ca,android
9699f42102444c41b62ec03ad8d63b3a,ios
4e6bdb7765c6488fbe4d0fafd9cbadfc,ios
a5c98828aad748199e6e76ff96e098a4,ios
174e9ae8d5b84934ad7026f4022aed28,ios
f4490934cdc34c0eb3cfd5ff4c2c299d,android
2f74e365872e49b9ad84c5314c96f684,ios
086305c3b87f4481948f6eaa3e76fb7c,ios
fbdc6ec45d474adaa86a5707ca445649,ios
ef6761d6144343b19ada1b3a2a915ef6,ios
fb2237adb32c48bd9ab6de87b2da0c53,ios
8414ea0532d14fbdaed2a70f6895f61a,android
41875c64c4e54c53b32ee4d33cbca9fa,ios
7534b603c63b4abcb6056a2267bbe6df,android
839b7ae851ec4add8deeecf5eb7e5969,ios
add3fbcd367647fa987c41399011f525,android
99c97fe521544e209f42535d5366b4b1,android
55de599ebb144c05ae20739d7ff9f207,android
4d9888f88a1446fdab52c1032725c995,ios
13365799f1c14a8d98ad419230c4b7c3,android
b317b1eaf65045b08db543f0f7373060,android
71471536a8274f76a1b059b432e182fd,android
82875af73e1e4833928b70326b22e44d,ios
68d66bee92db426b9f04e7fec19ab792,android
d83ee2e2659547a28bb4b98ac176bbad,ios
5dc38b786ce2475784cf239ed67c7edb,ios
2ce5f694b4634033803b3ff4ed6be0ca,android
0d1fb909290c4e79b1e0de9d427afbd6,android
1f4e79b125cc4e649a9318a3b90b9a0d,android
99b5cfc41372426fb98941bce3734a8e,android
c48198d3b56648bc838e2b1161e43351,ios
0029968033b44471a0992e672c64858a,android
186c6ca042f1438eb603710007b074f9,ios
0316f66c2bb240dd8af939a78cb98352,ios
e7fd325ca3e8435994393ad2b0df3819,android
f39ad903b2a64816ad55566f6678eac4,android
9416667ba105488ab8c2c6b23fbe94d6,ios
0ace6e30e5cb4e93a0eda72494646ee4,android
b70097f4af1c4994872c890e2c7653fa,android
6864007de52c4a04b16c31b115194316,ios
bda7c43c34a745aa98ac849d053a24bf,ios
5cc24bede8de4c0ebb9310256a9f9819,ios
65c43bc74804423597ce074b8e5644ad,android
99561c8ea7fc4ada9d79cdb0901837d3,android
1f18cde005ed4e96893441902ae4ebb5,android
59eecc70ad85446087bda9d83834dffb,ios
572fd6c4a61144e4833d76e59d1acf7a,ios
eda9a5b598e64d21ac9adcfbfac7a94c,android
943cde6dc72d4f6da9b85ed1b9da968d,android
7e69c361a2e349e7b1d3620a9964228f,ios
6dee1efacba14869b222c552b659faaf,android
d7d381eacac44835ae87581003f1f541,android
8b111739562146e487fc74dd32d77969,ios
7bccaeb9236f4173ac727d22f198aa09,android
ecbc9be500224dff99c9bb4f50f731a5,ios
0cfd98aca3624004a5ae0b92f2d9c4d4,ios
fc17dd4fdab84c14bfa6b0e288a674d1,android
a1e473300e454a13a032895eac1b10c8,ios
ae261d78797c4341be633bc3973e7e21,ios
e316b8bd1b444997a9e534640531b427,ios
7c3039ccbb8d48888205921aa372d6cf,android
be40079fb4244835a84acdff837bb204,ios
ec8575875d2f4fd4a59f39f8cc52f1b1,android
a31871a56f4f413490a13f7b22dc9f38,ios
0f8a4da17cde41bda36db6e4db1b795f,ios
26c6ef58d0a0457cb25dd5eefe23011b,ios
4c04d8cc77d44fdea37e42e2b7d462fa,ios
7883203170df4b8999b653c97129848d,ios
51a76552f2a14b9c98905b0f62778419,ios
902ac8b512a947c88eb613d3d35351be,android
f91d2d0947a440f59f6366005e8a22d4,android
9ac9e8da7dbe4728980d677e67a9333d,ios
95caab4c5bba4971860a2b2d6fc08bd0,android
f5c3cc75926a48e68d258964991b225a,android
8d5e23267a9b402c9528d774657a4494,android
0c5329902e944670a1cee52b100c25dc,ios
d6ec39ad585f4b16a2b0a20e0bcbe1f7,android
75649c85a63044668945f4230d6493cf,ios
12f2f2b5c965451581985d44db01aabb,android
ba68b3ae3e7c48b2b0c242eaff389469,ios
5ffc103cb12b49c5852d00bfc20770fd,ios
c0d51483a12a46d7b2edd9495f1576c1,ios
e85f64d3851041e492ee6b15cb0fc72f,ios
07a9138bb88d45468465d4adc994be4a,ios
f6ee45fa9681480693972526fe32d540,android
5b20fbb9fba848febe51f0e4da947705,ios
9f380ef18bd445f3923b74a1d13c3657,android
9f6d141bdaad4001b57caf2904292e96,ios
129164e2ced541289cb12ec9960df151,android
505d389122594bef9c66aead2f2d2b67,ios
e9d3a78477a5497abee54c8a2f7b6d36,android
44ea4f71c24b412daa80d24780ef0b61,ios
44b857d48a4e479d96c6693b8ad75e54,ios
d18aedbc357641859e132615c4f948e7,android
8804befebdb94df4853095848bcfcb87,android
f11d50450f264c89b7821523856e071e,ios
a96c989d5b094d3193961c79d814df3e,ios
c4f147d2f5a24b908d82d59172cbe1fd,android
7d2bac8ed0544f97a19cb8e8db13a447,android
06b858845e19472d9d0e64974c0c4bf1,ios
32d82bc0f139495695adc9b42865f6d3,android
f4b1603cf2ea4f09890fa9538a150cf1,ios
dc384d4e306a46aabc1c705385e69273,android
eabb89e8d5a14330b978d5e9fd362315,android
fad47a999c4342aa9e0abbfce9349c14,ios
dc291502861d41c398eaae34f319e8dd,ios
c61cd4baf98b45fa9f4a7e6acfebd943,ios
d48ef64cc51b4939a3cf7f3ba282f5d7,android